項番,ファイル名,URL
1,000040369.pdf,https://www.env.go.jp/recycle/car/pdfs/h24_report02_ref01.pdf
2,000096537.pdf,https://doi.org/10.60430/digital.guidebook0008
3,000843318.pdf,https://www.soumu.go.jp/main_content/000843318.pdf
4,1_report.pdf,https://www.pref.osaka.lg.jp/documents/98194/1_report.pdf
5,HACCPに沿った衛生管理の制度化.pdf,https://www.mhlw.go.jp/content/11130500/000662484.pdf
6,HACCPモデル例.pdf,https://www.mhlw.go.jp/file/06-Seisakujouhou-11130500-Shokuhinanzenbu/0000126914.pdf
7,HACCP入門のための手引書.pdf,https://www.mhlw.go.jp/file/06-Seisakujouhou-11130500-Shokuhinanzenbu/0000098990.pdf
8,heatillness_leaflet_senior_2022.pdf,https://www.mhlw.go.jp/seisakunitsuite/bunya/kenkou_iryou/kenkou/nettyuu/nettyuu_taisaku/pdf/heatillness_leaflet_senior_2022.pdf
9,heatstroke_geppou_202505.pdf,https://www.fdma.go.jp/disaster/heatstroke/items/r7/heatstroke_geppou_202505.pdf
10,heatstroke_geppou_202506.pdf,https://www.fdma.go.jp/disaster/heatstroke/items/r7/heatstroke_geppou_202506.pdf
11,heatstroke_sokuhouti_20250714.pdf,https://www.fdma.go.jp/disaster/heatstroke/items/r7/heatstroke_sokuhouti_20250714.pdf
12,heatstroke_sokuhouti_20250811.pdf,https://www.fdma.go.jp/disaster/heatstroke/items/r7/heatstroke_sokuhouti_20250811.pdf
13,n21b000c.pdf,https://www.soumu.go.jp/johotsusintokei/whitepaper/ja/r07/pdf/n21b000c.pdf
14,n21c0000.pdf,https://www.soumu.go.jp/johotsusintokei/whitepaper/ja/r07/pdf/n21c0000.pdf
15,n1230000.pdf,https://www.soumu.go.jp/johotsusintokei/whitepaper/ja/r07/pdf/n1230000.pdf
16,n2140000.pdf,https://www.soumu.go.jp/johotsusintokei/whitepaper/ja/r07/pdf/n2140000.pdf
17,n2220000.pdf,https://www.soumu.go.jp/johotsusintokei/whitepaper/ja/r07/pdf/n2220000.pdf
18,n2240000.pdf,https://www.soumu.go.jp/johotsusintokei/whitepaper/ja/r07/pdf/n2240000.pdf
19,news240340_1.pdf,https://www.zenginkyo.or.jp/fileadmin/res/news/news240340_1.pdf
20,ユーザのための要件定義ガイド第２版２刷.pdf,https://www.ipa.go.jp/archive/publish/qv6pgp0000000wrt-att/000079352.pdf
21,学校基本統計.pdf,https://www.toukei.metro.tokyo.lg.jp/gakkou/2024/gk24qfdige.pdf
22,指定暑熱避難施設の運営に関する事例.pdf,https://www.wbgt.env.go.jp/pdf/doc_shsa/20240227_doc03.pdf
23,職場における熱中症対策の強化について.pdf,https://neccyusho.mhlw.go.jp/pdf/2025/r7_neccyusho_strengthening_pamphlet.pdf
